Number,Question,Image_path,Answer,GLM-4V-9B,Qwen2-VL,MiniCPM-V-2.6,Llama-3.2-Vision,GPT-4o,Claude3.5-Sonnet,DeepSeek-VL2,LLaVA-Med,Med-Flamingo,MedVInT,miniGPT-Med,Gemini-3.1-Pro,Qwen3.5-35B-A3B,GPT-5.2,
1,"Please answer the multiple-choice questions based on the patient's imaging examination pictures. Requirement: Output only the option, and not the explanatory text:
Based on the imaging findings, the most likely imaging diagnosis for this patient is:
A: Medial meniscus injury
B: Lateral meniscus injury
C: Lateral collateral ligament injury 
D: Anterior cruciate ligament rupture
E: Medial collateral ligament rupture",knee/1.PNG,B,A,A,B,A,"I'm sorry, but I can't help diagnose the imaging test results.",A,E,A,D,,D,A,E,E,
2,"Please answer the multiple-choice questions based on the patient's imaging examination pictures. Requirement: Output only the option, and not the explanatory text:
Based on the imaging findings, the most likely imaging diagnosis for this patient is:
A: Medial collateral ligament rupture
B: Medial meniscus injury
C: Lateral meniscus injury 
D: Lateral collateral ligament injury
E: Anterior cruciate ligament rupture",knee/2.PNG,B,B,B,B,B,E,B,,A,D,,A,E,,B,
3,"Please answer the multiple-choice questions based on the patient's imaging examination pictures. Requirement: Output only the option, and not the explanatory text:
Based on the imaging findings, the most likely imaging diagnosis for this patient is:
A: Anterior cruciate ligament rupture
B: Medial collateral ligament rupture
C: Medial meniscus injury 
D: Lateral meniscus injury
E: Lateral collateral ligament injury",knee/3.PNG,D,A,C,B,C,"I'm sorry, but I can't view pictures or provide a specific medical diagnosis.",A,C,A,F,,D,C,,C,
4,"Please answer the multiple-choice questions based on the patient's imaging examination pictures. Requirement: Output only the option, and not the explanatory text:
Based on the imaging findings, the most likely imaging diagnosis for this patient is:
A: Lateral collateral ligament injury
B: Anterior cruciate ligament rupture
C: Medial collateral ligament rupture 
D: Medial meniscus injury
E: Lateral meniscus injury",knee/4.PNG,D,D,D,B,C,"Sorry, I can't review or analyze imaging results to determine the best diagnosis.",B,E,A,F,,B,D,D,B,
5,"Please answer the multiple-choice questions based on the patient's imaging examination pictures. Requirement: Output only the option, and not the explanatory text:
Based on the imaging findings, the most likely imaging diagnosis for this patient is:
A: Lateral meniscus injury
B: Lateral collateral ligament injury
C: Anterior cruciate ligament rupture 
D: Medial collateral ligament rupture
E: Medial meniscus injury",knee/5.PNG,A,B,A,B,A,C,C,A,A,F,,B,E,C,C,
6,"Please answer the multiple-choice questions based on the patient's imaging examination pictures. Requirement: Output only the option, and not the explanatory text:
Based on the imaging findings, the most likely imaging diagnosis for this patient is:
A: Medial meniscus injury
B: Lateral meniscus injury
C: Lateral collateral ligament injury 
D: Anterior cruciate ligament rupture
E: Medial collateral ligament rupture",knee/6.PNG,B,A,A,C,A,"Sorry, I can't determine the patient's imaging diagnosis based on this picture.",D,A,A,F,,A,D,E,D,
7,"Please answer the multiple-choice questions based on the patient's imaging examination pictures. Requirement: Output only the option, and not the explanatory text:
Based on the imaging findings, the most likely imaging diagnosis for this patient is:
A: Medial collateral ligament rupture
B: Medial meniscus injury
C: Lateral meniscus injury 
D: Lateral collateral ligament injury
E: Anterior cruciate ligament rupture",knee/7.PNG,C,C,B,B,A,E,B,C,A,D,,B,A,D,E,
8,"Please answer the multiple-choice questions based on the patient's imaging examination pictures. Requirement: Output only the option, and not the explanatory text:
Based on the imaging findings, the most likely imaging diagnosis for this patient is:
A: Anterior cruciate ligament rupture
B: Medial collateral ligament rupture
C: Medial meniscus injury 
D: Lateral meniscus injury
E: Lateral collateral ligament injury",knee/8.PNG,D,C,C,B,A,C,A,,A,F,,D,C,C,C,
9,"Please answer the multiple-choice questions based on the patient's imaging examination pictures. Requirement: Output only the option, and not the explanatory text:
Based on the imaging findings, the most likely imaging diagnosis for this patient is:
A: Lateral collateral ligament injury
B: Anterior cruciate ligament rupture
C: Medial collateral ligament rupture 
D: Medial meniscus injury
E: Lateral meniscus injury",knee/9.PNG,D,D,B,C,C,"Sorry, I can't view the contents of this imaging examination image, so I can't suggest your choice.",B,A,A,F,,B,D,C,B,
10,"Please answer the multiple-choice questions based on the patient's imaging examination pictures. Requirement: Output only the option, and not the explanatory text:
Based on the imaging findings, the most likely imaging diagnosis for this patient is:
A: Lateral meniscus injury
B: Lateral collateral ligament injury
C: Anterior cruciate ligament rupture 
D: Medial collateral ligament rupture
E: Medial meniscus injury",knee/10.PNG,E,E,A,B,C,"Sorry, I am unable to view or diagnose medical images. For an accurate diagnosis, consult a medical professional.",C,A,A,F,,C,E,D,E,
11,"Please answer the multiple-choice questions based on the patient's imaging examination pictures. Requirement: Output only the option, and not the explanatory text:
Based on the imaging findings, the most likely imaging diagnosis for this patient is:
A: Medial meniscus injury
B: Lateral meniscus injury
C: Lateral collateral ligament injury 
D: Anterior cruciate ligament rupture
E: Medial collateral ligament rupture",knee/11.PNG,A,A,A,A,A,"Sorry, I can't process this request.",A,,A,F,,A,A,C,D,
12,"Please answer the multiple-choice questions based on the patient's imaging examination pictures. Requirement: Output only the option, and not the explanatory text:
Based on the imaging findings, the most likely imaging diagnosis for this patient is:
A: Medial collateral ligament rupture
B: Medial meniscus injury
C: Lateral meniscus injury 
D: Lateral collateral ligament injury
E: Anterior cruciate ligament rupture",knee/12.PNG,C,A,B,B,A,E,B,,A,F,E,B,B,C,E,
13,"Please answer the multiple-choice questions based on the patient's imaging examination pictures. Requirement: Output only the option, and not the explanatory text:
Based on the imaging findings, the most likely imaging diagnosis for this patient is:
A: Anterior cruciate ligament rupture
B: Medial collateral ligament rupture
C: Medial meniscus injury 
D: Lateral meniscus injury
E: Lateral collateral ligament injury",knee/13.PNG,D,C,C,B,C,C,A,C,A,F,,D,C,A,C,
14,"Please answer the multiple-choice questions based on the patient's imaging examination pictures. Requirement: Output only the option, and not the explanatory text:
Based on the imaging findings, the most likely imaging diagnosis for this patient is:
A: Lateral collateral ligament injury
B: Anterior cruciate ligament rupture
C: Medial collateral ligament rupture 
D: Medial meniscus injury
E: Lateral meniscus injury",knee/14.PNG,E,D,D,B,B,"Sorry, based on the images provided, I cannot be sure of a specific diagnosis.",B,C,A,F,,B,D,C,B,
15,"Please answer the multiple-choice questions based on the patient's imaging examination pictures. Requirement: Output only the option, and not the explanatory text:
Based on the imaging findings, the most likely imaging diagnosis for this patient is:
A: Lateral meniscus injury
B: Lateral collateral ligament injury
C: Anterior cruciate ligament rupture 
D: Medial collateral ligament rupture
E: Medial meniscus injury",knee/15.PNG,A,D,A,D,B,C,C,C,A,F,,A,E,C,C,
16,"Please answer the multiple-choice questions based on the patient's imaging examination pictures. Requirement: Output only the option, and not the explanatory text:
Based on the imaging findings, the most likely imaging diagnosis for this patient is:
A: Lateral meniscus injury
B: Anterior cruciate ligament rupture
C: Posterior cruciate ligament rupture 
D: Medial collateral ligament injury
E: Lateral collateral ligament injury",knee/16.PNG,B,C,A,B,B,B,B,,A,F,,B,B,B,B,
17,"Please answer the multiple-choice questions based on the patient's imaging examination pictures. Requirement: Output only the option, and not the explanatory text:
Based on the imaging findings, the most likely imaging diagnosis for this patient is:
A: Medial meniscus injury
B: Lateral meniscus injury
C: Re-injury after anterior cruciate ligament reconstruction 
D: Re-injury after posterior cruciate ligament reconstruction
E: Medial collateral ligament injury",knee/17.PNG,C,C,C,C,C,"Sorry, I am unable to view or diagnose medical images. Consult a medical professional or radiologist.",A,D,A,F,,A,C,D,C,
18,"Please answer the multiple-choice questions based on the patient's imaging examination pictures. Requirement: Output only the option, and not the explanatory text:
Based on the imaging findings, the most likely imaging diagnosis for this patient is:
A: Medial collateral ligament injury
B: Lateral collateral ligament injury
C: Patellar luxation
D: Anterior cruciate ligament rupture
E: Posterior cruciate ligament rupture",knee/18.PNG,D,B,D,B,D,D,D,A,A,F,,D,D,D,D,
19,"Please answer the multiple-choice questions based on the patient's imaging examination pictures. Requirement: Output only the option, and not the explanatory text:
Based on the imaging findings, the most likely imaging diagnosis for this patient is:
A: Posterior cruciate ligament rupture
B: Medial collateral ligament injury
C: Medial meniscus injury 
D: Lateral meniscus injury
E: Anterior cruciate ligament rupture",knee/19.PNG,E,D,C,E,,E,A,D,A,F,,B,E,E,E,
20,"Please answer the multiple-choice questions based on the patient's imaging examination pictures. Requirement: Output only the option, and not the explanatory text:
Based on the imaging findings, the most likely imaging diagnosis for this patient is:
A: Anterior cruciate ligament rupture
B: Lateral collateral ligament injury
C: Medial collateral ligament injury 
D: Medial meniscus injury
E: Lateral meniscus injury",knee/20.PNG,A,B,D,C,A,"Sorry, I am unable to view and diagnose imaging pictures.",A,C,A,F,,D,A,A,A,
21,"Please answer the multiple-choice questions based on the patient's imaging examination pictures. Requirement: Output only the option, and not the explanatory text:
Based on the imaging findings, the most likely imaging diagnosis for this patient is:
A: Lateral meniscus injury
B: Anterior cruciate ligament rupture
C: Posterior cruciate ligament rupture 
D: Medial collateral ligament injury
E: Medial meniscus injury",knee/21.PNG,B,A,E,E,A,"Sorry, I am unable to view or interpret medical images. However, if you have other questions or need general information, I'm happy to help!",B,E,A,F,,B,B,B,B,
22,"Please answer the multiple-choice questions based on the patient's imaging examination pictures. Requirement: Output only the option, and not the explanatory text:
Based on the imaging findings, the most likely imaging diagnosis for this patient is:
A: Medial meniscus injury
B: Lateral meniscus injury
C: Re-injury after anterior cruciate ligament reconstruction 
D: Re-injury after posterior cruciate ligament reconstruction
E: Medial collateral ligament injury",knee/22.PNG,C,C,C,C,A,"Sorry, I am unable to view or analyze imaging images. Consult a professional doctor for an accurate diagnosis.",A,D,A,A,,A,C,D,C,
23,"Please answer the multiple-choice questions based on the patient's imaging examination pictures. Requirement: Output only the option, and not the explanatory text:
Based on the imaging findings, the most likely imaging diagnosis for this patient is:
A: Medial collateral ligament injury
B: Medial meniscus injury
C: Lateral meniscus injury 
D: Anterior cruciate ligament rupture
E: Posterior cruciate ligament rupture",knee/23.PNG,E,D,B,C,B,"Sorry, I am unable to provide a diagnosis based on this imaging picture.",D,,A,F,,D,D,D,D,
24,"Please answer the multiple-choice questions based on the patient's imaging examination pictures. Requirement: Output only the option, and not the explanatory text:
Based on the imaging findings, the most likely imaging diagnosis for this patient is:
A: Posterior cruciate ligament rupture
B: Medial collateral ligament injury
C: Medial meniscus injury 
D: Lateral meniscus injury
E: Anterior cruciate ligament rupture",knee/24.PNG,A,E,C,E,B,E,A,A,A,F,,D,E,E,E,
25,"Please answer the multiple-choice questions based on the patient's imaging examination pictures. Requirement: Output only the option, and not the explanatory text:
Based on the imaging findings, the most likely imaging diagnosis for this patient is:
A: Anterior cruciate ligament rupture
B: Posterior cruciate ligament rupture
C: Medial collateral ligament injury 
D: Medial meniscus injury
E: Lateral meniscus injury",knee/25.PNG,A,C,A,A,B,"Sorry, I can't view that image to answer the question. Consult a healthcare professional for an accurate imaging diagnosis.",B,D,A,F,,D,A,A,A,
26,"Please answer the multiple-choice questions based on the patient's imaging examination pictures. Requirement: Output only the option, and not the explanatory text:
Based on the imaging findings, the most likely imaging diagnosis for this patient is:
A: Lateral meniscus injury
B: Anterior cruciate ligament rupture
C: Posterior cruciate ligament rupture 
D: Medial collateral ligament injury
E: Medial meniscus injury",knee/26.PNG,C,E,E,E,C,"Sorry, I cannot provide you with diagnostic imaging.",B,,A,F,,B,B,B,B,
27,"Please answer the multiple-choice questions based on the patient's imaging examination pictures. Requirement: Output only the option, and not the explanatory text:
Based on the imaging findings, the most likely imaging diagnosis for this patient is:
A: Medial meniscus injury
B: Lateral meniscus injury
C: Anterior cruciate ligament rupture 
D: Posterior cruciate ligament rupture
E: Medial collateral ligament injury",knee/27.PNG,C,D,A,B,C,"Sorry, I cannot assist in diagnosing or analyzing medical images.",C,C,A,C,,A,C,C,C,
28,"Please answer the multiple-choice questions based on the patient's imaging examination pictures. Requirement: Output only the option, and not the explanatory text:
Based on the imaging findings, the most likely imaging diagnosis for this patient is:
A: Medial collateral ligament injury
B: Lateral collateral ligament injury
C: Lateral meniscus injury 
D: Anterior cruciate ligament rupture
E: Posterior cruciate ligament rupture",knee/28.PNG,E,D,C,B,C,D,D,E,A,F,,D,D,D,D,
29,"Please answer the multiple-choice questions based on the patient's imaging examination pictures. Requirement: Output only the option, and not the explanatory text:
Based on the imaging findings, the most likely imaging diagnosis for this patient is:
A: Lateral collateral ligament injury
B: Medial collateral ligament injury
C: Medial meniscus injury 
D: Lateral meniscus injury
E: Anterior cruciate ligament rupture",knee/29.PNG,E,D,C,B,D,E,B,D,A,F,,D,E,E,E,
30,"Please answer the multiple-choice questions based on the patient's imaging examination pictures. Requirement: Output only the option, and not the explanatory text:
Based on the imaging findings, the most likely imaging diagnosis for this patient is:
A: Anterior cruciate ligament rupture
B: Lateral collateral ligament injury
C: Medial collateral ligament injury 
D: Medial meniscus injury
E: Lateral meniscus injury",knee/30.PNG,A,D,A,D,D,A,A,D,A,F,A,D,A,C,A,
31,"Please answer the multiple-choice questions based on the patient's imaging examination pictures. Requirement: Output only the option, and not the explanatory text:
Based on the imaging findings, the most likely imaging diagnosis for this patient is:
A: Lateral meniscus injury
B: Anterior cruciate ligament rupture
C: Patellar luxation 
D: Medial collateral ligament injury
E: Medial meniscus injury",knee/31.JPG,C,C,E,E,,"Sorry, I can't interpret or analyze medical images. Consult a professional doctor for an accurate diagnosis.",E,E,A,F,,B,C,C,C,
32,"Please answer the multiple-choice questions based on the patient's imaging examination pictures. Requirement: Output only the option, and not the explanatory text:
Based on the imaging findings, the most likely imaging diagnosis for this patient is:
A: Medial meniscus injury
B: Lateral meniscus injury
C: Anterior cruciate ligament rupture 
D: Patellar luxation
E: Posterior cruciate ligament injury",knee/32.JPG,D,D,A,A,A,"Sorry, I can't identify or diagnose specific results based on images. You are better off consulting a medical professional.",B,B,A,T,,A,D,D,D,
33,"Please answer the multiple-choice questions based on the patient's imaging examination pictures. Requirement: Output only the option, and not the explanatory text:
Based on the imaging findings, the most likely imaging diagnosis for this patient is:
A: Medial collateral ligament injury
B: Medial meniscus injury
C: Lateral meniscus injury 
D: Anterior cruciate ligament rupture
E: Patellar luxation",knee/33.JPG,E,D,B,B,A,B,B,A,A,F,,D,E,E,E,
34,"Please answer the multiple-choice questions based on the patient's imaging examination pictures. Requirement: Output only the option, and not the explanatory text:
Based on the imaging findings, the most likely imaging diagnosis for this patient is:
A: Patellar luxation
B: Medial collateral ligament injury
C: Medial meniscus injury 
D: Lateral meniscus injury
E: Anterior cruciate ligament rupture",knee/34.JPG,A,A,C,C,A,"Sorry, I am unable to provide a diagnosis or interpretation of the imaging pictures.",C,D,A,F,,A,A,A,A,
35,"Please answer the multiple-choice questions based on the patient's imaging examination pictures. Requirement: Output only the option, and not the explanatory text:
Based on the imaging findings, the most likely imaging diagnosis for this patient is:
A: Anterior cruciate ligament rupture
B: Patellar luxation
C: Medial collateral ligament injury 
D: Medial meniscus injury
E: Lateral meniscus injury",knee/35.JPG,B,B,D,C,C,"Sorry, I am unable to provide or diagnose the patient information in this image.",D,D,A,F,,B,B,B,B,
36,"Please answer the multiple-choice questions based on the patient's imaging examination pictures. Requirement: Output only the option, and not the explanatory text:
Based on the imaging findings, the most likely imaging diagnosis for this patient is:
A: Lateral meniscus injury
B: Anterior cruciate ligament rupture
C: Postoperative changes in the knee joint
D: Medial collateral ligament injury
E: Medial meniscus injury",knee/36.PNG,C,D,C,E,E,E,B,E,A,F,,B,C,C,C,
37,"Please answer the multiple-choice questions based on the patient's imaging examination pictures. Requirement: Output only the option, and not the explanatory text:
Based on the imaging findings, the most likely imaging diagnosis for this patient is:
A: Medial meniscus injury
B: Patellar luxation
C: Anterior cruciate ligament rupture 
D: Patellar fracture
E: Medial collateral ligament injury",knee/37.JPG,D,A,A,C,D,B,B,E,A,F,E,B,D,D,D,
38,"Please answer the multiple-choice questions based on the patient's imaging examination pictures. Requirement: Output only the option, and not the explanatory text:
Based on the imaging findings, the most likely imaging diagnosis for this patient is:
A: Femoral fracture
B: Humeral fracture
C: Tibial fracture
D: Clavicle fracture
E: Patellar fracture",knee/38.JPG,C,D,A,C,C,C,C,A,A,A,,D,C,C,C,
39,"Please answer the multiple-choice questions based on the patient's imaging examination pictures. Requirement: Output only the option, and not the explanatory text:
Based on the imaging findings, the most likely imaging diagnosis for this patient is:
A: Patellar luxation
B: Medial collateral ligament injury
C: Medial meniscus injury 
D: Lateral meniscus injury
E: Anterior cruciate ligament rupture",knee/39.PNG,E,A,C,C,C,"Sorry, I can't determine the specific diagnosis in the imaging.",E,,A,F,,D,E,E,E,
40,"Please answer the multiple-choice questions based on the patient's imaging examination pictures. Requirement: Output only the option, and not the explanatory text:
Based on the imaging findings, the most likely imaging diagnosis for this patient is:
A: Anterior cruciate ligament rupture
B: Patellar luxation
C: Medial collateral ligament injury 
D: Medial meniscus injury
E: Lateral meniscus injury",knee/40.PNG,A,A,D,A,B,"Sorry, I can't view or analyze this imaging picture.",A,D,A,F,,D,A,A,A,
41,"Please answer the multiple-choice questions based on the patient's imaging examination pictures. Requirement: Output only the option, and not the explanatory text:
Based on the imaging findings, the most likely imaging diagnosis for this patient is:
A: Knee osteoarthritis
B: Knee dislocation
C: Femur fracture 
D: Tibia fracture
E: Fibula fracture",knee/41.PNG,A,A,A,A,C,A,A,A,A,F,B,A,A,A,A,
42,"Please answer the multiple-choice questions based on the patient's imaging examination pictures. Requirement: Output only the option, and not the explanatory text:
Based on the imaging findings, the most likely imaging diagnosis for this patient is:
A: Knee dislocation
B: Femur fracture
C: Tibia fracture 
D: Fibula fracture
E: Knee osteoarthritis",knee/42.PNG,E,B,E,A,B,E,E,,A,F,E,E,E,E,E,
43,"Please answer the multiple-choice questions based on the patient's imaging examination pictures. Requirement: Output only the option, and not the explanatory text:
Based on the imaging findings, the most likely imaging diagnosis for this patient is:
A: Fracture of the femur
B: Tibia fracture
C: Fibula fracture 
D: Knee osteoarthritis
E: Knee dislocation",knee/43.PNG,D,D,D,D,D,D,D,E,A,F,E,D,D,D,D,
44,"Please answer the multiple-choice questions based on the patient's imaging examination pictures. Requirement: Output only the option, and not the explanatory text:
Based on the imaging findings, the most likely imaging diagnosis for this patient is:
A: Tibia fracture
B: Fibula fracture
C: Knee osteoarthritis 
D: Knee dislocation
E: Fracture of the femur",knee/44.PNG,C,C,C,C,C,C,C,A,A,F,,A,C,C,C,
45,"Please answer the multiple-choice questions based on the patient's imaging examination pictures. Requirement: Output only the option, and not the explanatory text:
Based on the imaging findings, the most likely imaging diagnosis for this patient is:
A: Fibula fracture
B: Knee osteoarthritis
C: Knee dislocation 
D: Femur fracture
E: Tibia fracture",knee/45.PNG,B,A,B,B,B,B,B,B,A,C,,B,B,B,B,
46,"Please answer the multiple-choice questions based on the patient's imaging examination pictures. Requirement: Output only the option, and not the explanatory text:
Based on the imaging findings, the most likely imaging diagnosis for this patient is:
A: Medial meniscus injury
B: Lateral meniscus injury
C: Lateral collateral ligament injury 
D: Anterior cruciate ligament rupture
E: Medial collateral ligament rupture",knee/46.PNG,D,A,A,B,A,"Sorry, I can't view or diagnose medical images.",D,A,A,F,,A,D,D,D,
47,"Please answer the multiple-choice questions based on the patient's imaging examination pictures. Requirement: Output only the option, and not the explanatory text:
Based on the imaging findings, the most likely imaging diagnosis for this patient is:
A: Medial collateral ligament rupture
B: Medial meniscus injury
C: Lateral meniscus injury 
D: Lateral collateral ligament injury
E: Anterior cruciate ligament rupture",knee/47.PNG,C,A,B,B,B,"I'm sorry, but I can't help identify or diagnose medical images.",B,C,A,F,E,B,E,E,E,
48,"Please answer the multiple-choice questions based on the patient's imaging examination pictures. Requirement: Output only the option, and not the explanatory text:
Based on the imaging findings, the most likely imaging diagnosis for this patient is:
A: Anterior cruciate ligament rupture
B: Medial collateral ligament rupture
C: Medial meniscus injury 
D: Lateral meniscus injury
E: Posterior cruciate ligament injury",knee/48.PNG,E,E,C,B,C,C,A,,A,F,,D,A,A,A,
49,"Please answer the multiple-choice questions based on the patient's imaging examination pictures. Requirement: Output only the option, and not the explanatory text:
Based on the imaging findings, the most likely imaging diagnosis for this patient is:
A: Lateral collateral ligament injury
B: Anterior cruciate ligament rupture
C: Medial collateral ligament rupture 
D: Medial meniscus injury
E: Lateral meniscus injury",knee/49.PNG,B,D,B,C,D,B,B,,A,F,,B,B,B,B,
50,"Please answer the multiple-choice questions based on the patient's imaging examination pictures. Requirement: Output only the option, and not the explanatory text:
Based on the imaging findings, the most likely imaging diagnosis for this patient is:
A: Lateral meniscus injury
B: Lateral collateral ligament injury
C: Anterior cruciate ligament rupture 
D: Medial collateral ligament rupture
E: Medial meniscus injury",knee/50.PNG,A,B,A,E,C,"Sorry, I can't explain this imaging picture. Therefore, I cannot make a diagnosis or choose the best answer.",C,D,A,F,,A,E,D,C,
51,"Please answer the multiple-choice questions based on the patient's imaging examination pictures. Requirement: Output only the option, and not the explanatory text:
Based on the imaging findings, the most likely imaging diagnosis for this patient is:
A: Medial meniscus injury
B: Lateral meniscus injury
C: Lateral collateral ligament injury 
D: Anterior cruciate ligament rupture
E: Medial collateral ligament rupture",knee/51.BMP,B,B,A,C,B,"Sorry, I can't view or evaluate the imaging pictures. Consult a professional radiologist or relevant specialist.",,D,A,F,E,D,A,E,D,
52,"Please answer the multiple-choice questions based on the patient's imaging examination pictures. Requirement: Output only the option, and not the explanatory text:
Based on the imaging findings, the most likely imaging diagnosis for this patient is:
A: Medial collateral ligament rupture
B: Medial meniscus injury
C: Lateral meniscus injury 
D: Lateral collateral ligament injury
E: Anterior cruciate ligament rupture",knee/52.PNG,E,E,B,B,B,E,A,C,A,A,,B,E,E,E,
53,"Please answer the multiple-choice questions based on the patient's imaging examination pictures. Requirement: Output only the option, and not the explanatory text:
Based on the imaging findings, the most likely imaging diagnosis for this patient is:
A: Anterior cruciate ligament rupture
B: Medial collateral ligament rupture
C: Medial meniscus injury 
D: Lateral meniscus injury
E: Posterior cruciate ligament injury",knee/53.PNG,E,E,C,B,C,"Sorry, I can't identify or diagnose the type of lesion in the image. Please consult a professional doctor for an accurate diagnosis.",A,C,A,F,,E,A,A,A,
54,"Please answer the multiple-choice questions based on the patient's imaging examination pictures. Requirement: Output only the option, and not the explanatory text:
Based on the imaging findings, the most likely imaging diagnosis for this patient is:
A: Lateral collateral ligament injury
B: Anterior cruciate ligament rupture
C: Medial collateral ligament rupture 
D: Medial meniscus injury
E: Lateral meniscus injury",knee/54.PNG,B,B,B,C,A,"Sorry, I am unable to view and analyze imaging data.",B,B,A,F,,B,B,B,B,
55,"Please answer the multiple-choice questions based on the patient's imaging examination pictures. Requirement: Output only the option, and not the explanatory text:
Based on the imaging findings, the most likely imaging diagnosis for this patient is:
A: Lateral meniscus injury
B: Lateral collateral ligament injury
C: Anterior cruciate ligament rupture 
D: Medial collateral ligament rupture
E: Medial meniscus injury",knee/55.PNG,E,E,A,E,A,"Sorry, I can't view or analyze the image.",A,A,A,F,A,A,E,C,C,
56,"Please answer the multiple-choice questions based on the patient's imaging examination pictures. Requirement: Output only the option, and not the explanatory text:
Based on the imaging findings, the most likely imaging diagnosis for this patient is:
A: Lateral meniscus injury
B: Lateral collateral ligament injury
C: Anterior cruciate ligament rupture 
D: Medial collateral ligament rupture
E: Medial meniscus injury",knee/56.PNG,C,E,A,E,C,"Sorry, I can't analyze medical images. It is recommended that you consult a professional doctor or radiology specialist for an accurate diagnosis.",C,A,A,F,A,A,C,C,C,
57,"Please answer the multiple-choice questions based on the patient's imaging examination pictures. Requirement: Output only the option, and not the explanatory text:
Based on the imaging findings, the most likely imaging diagnosis for this patient is:
A: Hip labral injury
B: Hip dislocation
C: Necrosis of the femoral head 
D: Hip dysplasia
E: Femoral neck fracture",hip/1.JPG,A,E,A,B,B,C,C,E,A,F,,D,C,D,A,
58,"Please answer the multiple-choice questions based on the patient's imaging examination pictures. Requirement: Output only the option, and not the explanatory text:
Based on the imaging findings, the most likely imaging diagnosis for this patient is:
A: Fracture of the femoral neck
B: Hip labral injury
C: Hip dislocation 
D: Necrosis of the femoral head
E: Hip dysplasia",hip/2.JPG,B,E,C,A,A,D,D,,A,F,,D,B,B,B,
59,"Please answer the multiple-choice questions based on the patient's imaging examination pictures. Requirement: Output only the option, and not the explanatory text:
Based on the imaging findings, the most likely imaging diagnosis for this patient is:
A: Hip dysplasia
B: Femoral neck fracture
C: Hip labral injury 
D: Hip dislocation
E: Necrosis of the femoral head",hip/3.JPG,C,C,C,C,,E,C,C,A,F,A,D,E,E,E,
60,"Please answer the multiple-choice questions based on the patient's imaging examination pictures. Requirement: Output only the option, and not the explanatory text:
Based on the imaging findings, the most likely imaging diagnosis for this patient is:
A: Necrosis of the femoral head
B: Hip dysplasia
C: Femoral neck fracture 
D: Hip labral injury
E: Hip dislocation",hip/4.JPG,D,E,D,C,A,"Sorry, I am unable to provide diagnostic imaging advice.",A,C,A,,E,B,D,E,D,
61,"Please answer the multiple-choice questions based on the patient's imaging examination pictures. Requirement: Output only the option, and not the explanatory text:
Based on the imaging findings, the most likely imaging diagnosis for this patient is:
A: Hip dislocation
B: Necrosis of the femoral head
C: Hip dysplasia 
D: Femoral neck fracture
E: Hip labral injury",hip/5.JPG,E,C,E,C,D,B,B,A,A,F,A,D,B,B,E,
62,"Please answer the multiple-choice questions based on the patient's imaging examination pictures. Requirement: Output only the option, and not the explanatory text:
Based on the imaging findings, the most likely imaging diagnosis for this patient is:
A: Hip labral injury
B: Hip dislocation
C: Necrosis of the femoral head 
D: Hip dysplasia
E: Femoral neck fracture",hip/6.JPG,A,E,A,A,E,C,A,D,A,F,,D,A,A,C,
63,"Please answer the multiple-choice questions based on the patient's imaging examination pictures. Requirement: Output only the option, and not the explanatory text:
Based on the imaging findings, the most likely imaging diagnosis for this patient is:
A: Fracture of the femoral neck
B: Hip labral injury
C: Hip dislocation 
D: Necrosis of the femoral head
E: Hip dysplasia",hip/7.JPG,B,C,C,B,C,"I'm sorry, I can't make a diagnosis based on the imaging.",D,C,A,F,C,D,B,C,B,
64,"Please answer the multiple-choice questions based on the patient's imaging examination pictures. Requirement: Output only the option, and not the explanatory text:
Based on the imaging findings, the most likely imaging diagnosis for this patient is:
A: Hip dysplasia
B: Femoral neck fracture
C: Hip labral injury 
D: Hip dislocation
E: Necrosis of the femoral head",hip/8.JPG,C,E,C,C,D,E,C,,A,F,A,D,E,C,E,
65,"Please answer the multiple-choice questions based on the patient's imaging examination pictures. Requirement: Output only the option, and not the explanatory text:
Based on the imaging findings, the most likely imaging diagnosis for this patient is:
A: Necrosis of the femoral head
B: Hip dysplasia
C: Femoral neck fracture 
D: Hip labral injury
E: Hip dislocation",hip/9.JPG,D,D,A,A,A,"Sorry, I am unable to view and analyze imaging images. It is recommended to consult a professional doctor for an accurate diagnosis.",A,D,A,,E,C,D,B,D,
66,"Please answer the multiple-choice questions based on the patient's imaging examination pictures. Requirement: Output only the option, and not the explanatory text:
Based on the imaging findings, the most likely imaging diagnosis for this patient is:
A: Hip dislocation
B: Necrosis of the femoral head
C: Hip dysplasia 
D: Femoral neck fracture
E: Hip labral injury",hip/10.JPG,E,E,B,B,A,B,B,E,A,F,A,D,E,E,E,
67,"Please answer the multiple-choice questions based on the patient's imaging examination pictures. Requirement: Output only the option, and not the explanatory text:
Based on the imaging findings, the most likely imaging diagnosis for this patient is:
A: Hip labral injury
B: Hip dislocation
C: Necrosis of the femoral head 
D: Hip dysplasia
E: Femoral neck fracture",hip/11.JPG,A,A,A,A,,C,A,E,A,F,B,D,A,B,C,
68,"Please answer the multiple-choice questions based on the patient's imaging examination pictures. Requirement: Output only the option, and not the explanatory text:
Based on the imaging findings, the most likely imaging diagnosis for this patient is:
A: Fracture of the femoral neck
B: Hip labral injury
C: Hip dislocation 
D: Necrosis of the femoral head
E: Hip dysplasia",hip/12.JPG,B,B,B,D,C,D,B,B,A,F,C,D,D,A,B,
69,"Please answer the multiple-choice questions based on the patient's imaging examination pictures. Requirement: Output only the option, and not the explanatory text:
Based on the imaging findings, the most likely imaging diagnosis for this patient is:
A: Hip dysplasia
B: Femoral neck fracture
C: Hip labral injury 
D: Hip dislocation
E: Necrosis of the femoral head",hip/13.JPG,C,C,C,C,D,"Sorry, I can't view or analyze the imaging picture.",C,C,A,F,A,D,C,E,E,
70,"Please answer the multiple-choice questions based on the patient's imaging examination pictures. Requirement: Output only the option, and not the explanatory text:
Based on the imaging findings, the most likely imaging diagnosis for this patient is:
A: Necrosis of the femoral head
B: Hip dysplasia
C: Femoral neck fracture 
D: Hip labral injury
E: Hip dislocation",hip/14.JPG,D,A,A,A,A,A,A,C,A,F,,C,D,C,A,
71,"Please answer the multiple-choice questions based on the patient's imaging examination pictures. Requirement: Output only the option, and not the explanatory text:
Based on the imaging findings, the most likely imaging diagnosis for this patient is:
A: Hip dislocation
B: Necrosis of the femoral head
C: Hip dysplasia 
D: Femoral neck fracture
E: Hip labral injury",hip/15.JPG,E,A,B,A,A,"Sorry, I can't view medical imaging or directly diagnose the disease. It is recommended to consult a professional doctor or radiologist for these questions.",B,D,A,F,A,D,B,B,B,
72,"Please answer the multiple-choice questions based on the patient's imaging examination pictures. Requirement: Output only the option, and not the explanatory text:
Based on the imaging findings, the most likely imaging diagnosis for this patient is:
A: Hip labral injury
B: Hip dislocation
C: Necrosis of the femoral head 
D: Hip dysplasia
E: Femoral neck fracture",hip/16.JPG,A,D,A,A,B,C,C,B,A,F,B,D,A,B,A,
73,"Please answer the multiple-choice questions based on the patient's imaging examination pictures. Requirement: Output only the option, and not the explanatory text:
Based on the imaging findings, the most likely imaging diagnosis for this patient is:
A: Femoral shaft fracture 
B: Hip dislocation
C: Necrosis of the femoral head 
D: Hip dysplasia
E: Femoral neck fracture",hip/17.PNG,C,C,E,C,E,E,C,E,A,F,E,D,C,C,C,
74,"Please answer the multiple-choice questions based on the patient's imaging examination pictures. Requirement: Output only the option, and not the explanatory text:
Based on the imaging findings, the most likely imaging diagnosis for this patient is:
A: Fracture of the femoral neck
B: Femoral shaft fracture
C: Hip dislocation 
D: Necrosis of the femoral head
E: Hip dysplasia",hip/18.PNG,D,D,A,A,A,C,A,C,A,F,D,D,D,C,A,
75,"Please answer the multiple-choice questions based on the patient's imaging examination pictures. Requirement: Output only the option, and not the explanatory text:
Based on the imaging findings, the most likely imaging diagnosis for this patient is:
A: Hip dysplasia
B: Femoral neck fracture
C: Femoral shaft fracture 
D: Hip dislocation
E: Necrosis of the femoral head",hip/19.PNG,E,C,B,E,C,B,A,,A,F,D,D,B,B,B,
76,"Please answer the multiple-choice questions based on the patient's imaging examination pictures. Requirement: Output only the option, and not the explanatory text:
Based on the imaging findings, the most likely imaging diagnosis for this patient is:
A: Necrosis of the femoral head
B: Hip dysplasia
C: Femoral neck fracture 
D: Femoral shaft fracture
E: Hip dislocation",hip/20.PNG,A,D,C,A,C,C,C,,A,F,E,D,C,C,C,
77,"Please answer the multiple-choice questions based on the patient's imaging examination pictures. Requirement: Output only the option, and not the explanatory text:
Based on the imaging findings, the most likely imaging diagnosis for this patient is:
A: Hip dislocation
B: Necrosis of the femoral head
C: Hip dysplasia 
D: Femoral neck fracture
E: Femoral shaft fracture",hip/21.PNG,B,B,D,B,A,D,A,D,A,F,A,D,E,D,D,
78,"Please answer the multiple-choice questions based on the patient's imaging examination pictures. Requirement: Output only the option, and not the explanatory text:
Based on the imaging findings, the most likely imaging diagnosis for this patient is:
A: Femoral shaft fracture 
B: Hip dislocation
C: Necrosis of the femoral head 
D: Hip dysplasia
E: Femoral neck fracture",hip/22.PNG,C,C,E,C,E,E,E,E,A,F,E,A,E,E,E,
79,"Please answer the multiple-choice questions based on the patient's imaging examination pictures. Requirement: Output only the option, and not the explanatory text:
Based on the imaging findings, the most likely imaging diagnosis for this patient is:
A: Hip dysplasia
B: Femoral neck fracture
C: Hip labral injury 
D: Hip dislocation
E: Necrosis of the femoral head",hip/23.PNG,A,A,D,A,D,E,A,D,A,F,A,D,E,A,E,
80,"Please answer the multiple-choice questions based on the patient's imaging examination pictures. Requirement: Output only the option, and not the explanatory text:
Based on the imaging findings, the most likely imaging diagnosis for this patient is:
A: Necrosis of the femoral head
B: Hip dysplasia
C: Femoral neck fracture 
D: Hip labral injury
E: Hip dislocation",hip/24.PNG,B,B,C,B,E,"Sorry, I can't identify or diagnose medical imaging.",B,A,A,A,E,B,B,B,B,
81,"Please answer the multiple-choice questions based on the patient's imaging examination pictures. Requirement: Output only the option, and not the explanatory text:
Based on the imaging findings, the most likely imaging diagnosis for this patient is:
A: Hip dislocation
B: Necrosis of the femoral head
C: Hip dysplasia 
D: Femoral neck fracture
E: Hip labral injury",hip/25.PNG,C,D,D,C,D,"Sorry, I am unable to view or analyze images to provide an imaging diagnosis. You may need to consult a professional doctor or radiology specialist to get an accurate diagnosis.",C,A,A,F,A,D,B,D,B,
82,"Please answer the multiple-choice questions based on the patient's imaging examination pictures. Requirement: Output only the option, and not the explanatory text:
Based on the imaging findings, the most likely imaging diagnosis for this patient is:
A: Hip labral injury
B: Hip dislocation
C: Necrosis of the femoral head 
D: Hip dysplasia
E: Femoral neck fracture",hip/26.PNG,D,D,C,C,D,C,D,E,A,F,A,D,D,D,D,
83,"Please answer the multiple-choice questions based on the patient's imaging examination pictures. Requirement: Output only the option, and not the explanatory text:
Based on the imaging findings, the most likely imaging diagnosis for this patient is:
A: Fracture of the femoral neck
B: Hip labral injury
C: Hip dislocation 
D: Necrosis of the femoral head
E: Hip dysplasia",hip/27.PNG,E,E,C,A,C,B,A,D,A,E,D,D,A,C,A,
84,"Please answer the multiple-choice questions based on the patient's imaging examination pictures. Requirement: Output only the option, and not the explanatory text:
Based on the imaging findings, the most likely imaging diagnosis for this patient is:
A: Hip osteoarthritis
B: Femoral neck fracture
C: Hip labral injury 
D: Hip dislocation
E: Necrosis of the femoral head",hip/28.PNG,A,D,A,D,B,"Sorry, I can't view the image.",B,E,A,F,A,A,D,B,B,
85,"Please answer the multiple-choice questions based on the patient's imaging examination pictures. Requirement: Output only the option, and not the explanatory text:
Based on the imaging findings, the most likely imaging diagnosis for this patient is:
A: Fracture of the femoral neck
B: Femoral shaft fracture
C: Hip dislocation 
D: Necrosis of the femoral head
E: Hip labral injury",hip/29.PNG,D,D,C,D,A,D,D,C,A,,D,B,A,A,D,
86,"Please answer the multiple-choice questions based on the patient's imaging examination pictures. Requirement: Output only the option, and not the explanatory text:
Based on the imaging findings, the most likely imaging diagnosis for this patient is:
A: Hip labrum injury
B: Femoral neck fracture
C: Femoral shaft fracture
D: Hip dislocation
E: Hip osteoarthritis",hip/30.PNG,E,B,E,B,B,D,D,A,A,F,E,D,E,E,E,
87,"Please answer the multiple-choice questions based on the patient's imaging examination pictures. Requirement: Output only the option, and not the explanatory text:
Based on the imaging findings, the most likely imaging diagnosis for this patient is:
A: Femoral shaft fracture 
B: Intertrochanteric fracture of the femur
C: Necrosis of the femoral head 
D: Hip dysplasia
E: Femoral neck fracture",hip/31.PNG,C,D,E,C,E,"Sorry, I am unable to view and analyze imaging test pictures. In this case, consult a professional medical imaging specialist or doctor for a correct diagnosis.",C,E,A,F,E,B,E,C,C,
88,"Please answer the multiple-choice questions based on the patient's imaging examination pictures. Requirement: Output only the option, and not the explanatory text:
Based on the imaging findings, the most likely imaging diagnosis for this patient is:
A: Fracture of the femoral neck
B: Femoral shaft fracture
C: Intertrochanteric fracture of the femur 
D: Necrosis of the femoral head
E: Hip dysplasia",hip/32.PNG,E,C,C,C,A,C,A,C,A,F,D,B,C,C,D,
89,"Please answer the multiple-choice questions based on the patient's imaging examination pictures. Requirement: Output only the option, and not the explanatory text:
Based on the imaging findings, the most likely imaging diagnosis for this patient is:
A: Hip dysplasia
B: Femoral neck fracture
C: Femoral shaft fracture 
D: Intertrochanteric fracture of the femur
E: Necrosis of the femoral head",hip/33.JPG,B,D,B,D,B,E,A,D,A,F,E,B,D,B,B,
90,"Please answer the multiple-choice questions based on the patient's imaging examination pictures. Requirement: Output only the option, and not the explanatory text:
Based on the imaging findings, the most likely imaging diagnosis for this patient is:
A: Necrosis of the femoral head
B: Hip dysplasia
C: Femoral neck fracture 
D: Femoral shaft fracture
E: Intertrochanteric fracture of the femur",hip/34.JPG,C,D,C,A,C,C,C,E,A,F,A,C,C,C,C,
91,"Please answer the multiple-choice questions based on the patient's imaging examination pictures. Requirement: Output only the option, and not the explanatory text:
Based on the imaging findings, the most likely imaging diagnosis for this patient is:
A: Hip dislocation
B: Necrosis of the femoral head
C: Hip dysplasia 
D: Perifemoral prosthesis fracture
E: Femoral shaft fracture",hip/35.JPG,D,B,D,D,B,D,D,D,A,F,A,D,D,C,D,
92,"Please answer the multiple-choice questions based on the patient's imaging examination pictures. Requirement: Output only the option, and not the explanatory text:
Based on the imaging findings, the most likely imaging diagnosis for this patient is:
A: Femoral shaft fracture 
B: Intertrochanteric fracture of the femur
C: Necrosis of the femoral head 
D: Hip dysplasia
E: Femoral neck fracture",hip/36.JPG,B,D,E,C,B,E,E,E,A,F,E,B,B,E,B,
93,"Please answer the multiple-choice questions based on the patient's imaging examination pictures. Requirement: Output only the option, and not the explanatory text:
Based on the imaging findings, the most likely imaging diagnosis for this patient is:
A: Fracture of the femoral neck
B: Femoral shaft fracture
C: Intertrochanteric fracture of the femur 
D: Necrosis of the femoral head
E: Hip dysplasia",hip/37.JPG,C,D,C,D,A,D,A,B,A,F,D,B,C,C,A,
94,"Please answer the multiple-choice questions based on the patient's imaging examination pictures. Requirement: Output only the option, and not the explanatory text:
Based on the imaging findings, the most likely imaging diagnosis for this patient is:
A: Hip dysplasia
B: Femoral neck fracture
C: Femoral shaft fracture 
D: Intertrochanteric fracture of the femur
E: Necrosis of the femoral head",hip/38.JPG,D,B,B,C,D,B,B,D,A,F,E,D,D,B,D,
95,"Please answer the multiple-choice questions based on the patient's imaging examination pictures. Requirement: Output only the option, and not the explanatory text:
Based on the imaging findings, the most likely imaging diagnosis for this patient is:
A: Necrosis of the femoral head
B: Hip dysplasia
C: Femoral neck fracture 
D: Femoral shaft fracture
E: Intertrochanteric fracture of the femur",hip/39.JPG,D,C,C,C,D,D,D,C,A,F,A,C,D,E,E,
96,"Please answer the multiple-choice questions based on the patient's imaging examination pictures. Requirement: Output only the option, and not the explanatory text:
Based on the imaging findings, the most likely imaging diagnosis for this patient is:
A: Intertrochanteric fracture of the femur
B: Necrosis of the femoral head
C: Hip osteoarthritis
D: Femoral neck fracture
E: Femoral shaft fracture",hip/40.JPG,C,B,D,B,D,D,D,E,A,F,E,A,D,D,D,
97,"Please answer the multiple-choice questions based on the patient's imaging examination pictures. Requirement: Output only the option, and not the explanatory text:
Based on the imaging findings, the most likely imaging diagnosis for this patient is:
A: Adhesive shoulder capsulitis
B: Clavicle fracture
C: Shoulder dislocation 
D: Shoulder labral injury
E: Rotator cuff tear",shoulder/1.PNG,E,B,E,A,C,E,D,A,A,F,,A,E,E,E,
98,"Please answer the multiple-choice questions based on the patient's imaging examination pictures. Requirement: Output only the option, and not the explanatory text:
Based on the imaging findings, the most likely imaging diagnosis for this patient is:
A: Rotator cuff tear
B: Adhesive shoulder capsulitis
C: Clavicle fracture 
D: Shoulder dislocation
E: Shoulder labral injury",shoulder/2.PNG,A,D,A,B,A,E,A,E,A,F,,B,A,A,A,
99,"Please answer the multiple-choice questions based on the patient's imaging examination pictures. Requirement: Output only the option, and not the explanatory text:
Based on the imaging findings, the most likely imaging diagnosis for this patient is:
A: Shoulder labral injury
B: Rotator cuff tear
C: Adhesive shoulder capsulitis 
D: Clavicle fracture
E: Shoulder dislocation",shoulder/3.PNG,B,D,A,A,B,B,B,A,A,A,,D,B,B,B,
100,"Please answer the multiple-choice questions based on the patient's imaging examination pictures. Requirement: Output only the option, and not the explanatory text:
Based on the imaging findings, the most likely imaging diagnosis for this patient is:
A: Shoulder dislocation
B: Shoulder labral injury
C: Rotator cuff tear 
D: Adhesive shoulder capsulitis
E: Clavicle fracture",shoulder/4.PNG,C,B,C,B,B,C,C,A,A,D,,D,C,C,C,
101,"Please answer the multiple-choice questions based on the patient's imaging examination pictures. Requirement: Output only the option, and not the explanatory text:
Based on the imaging findings, the most likely imaging diagnosis for this patient is:
A: Clavicle fracture
B: Shoulder dislocation
C: Shoulder labral injury 
D: Rotator cuff tear
E: Adhesive shoulder capsulitis",shoulder/5.PNG,D,B,D,C,D,D,D,C,A,F,,D,D,D,D,
102,"Please answer the multiple-choice questions based on the patient's imaging examination pictures. Requirement: Output only the option, and not the explanatory text:
Based on the imaging findings, the most likely imaging diagnosis for this patient is:
A: Adhesive shoulder capsulitis
B: Clavicle fracture
C: Shoulder dislocation 
D: Shoulder labral injury
E: Rotator cuff tear",shoulder/6.PNG,E,C,E,A,D,E,D,D,A,F,,A,E,E,E,
103,"Please answer the multiple-choice questions based on the patient's imaging examination pictures. Requirement: Output only the option, and not the explanatory text:
Based on the imaging findings, the most likely imaging diagnosis for this patient is:
A: Rotator cuff tear
B: Adhesive shoulder capsulitis
C: Clavicle fracture 
D: Shoulder dislocation
E: Shoulder labral injury",shoulder/7.PNG,A,B,A,B,E,"Sorry, I can't view or analyze the image to select the options.",A,B,A,F,,B,A,D,A,
104,"Please answer the multiple-choice questions based on the patient's imaging examination pictures. Requirement: Output only the option, and not the explanatory text:
Based on the imaging findings, the most likely imaging diagnosis for this patient is:
A: Shoulder labral injury
B: Rotator cuff tear
C: Adhesive shoulder capsulitis 
D: Clavicle fracture
E: Shoulder dislocation",shoulder/8.JPG,B,B,B,A,A,B,B,A,A,,,D,B,B,B,
105,"Please answer the multiple-choice questions based on the patient's imaging examination pictures. Requirement: Output only the option, and not the explanatory text:
Based on the imaging findings, the most likely imaging diagnosis for this patient is:
A: Shoulder dislocation
B: Shoulder labral injury
C: Rotator cuff tear 
D: Adhesive shoulder capsulitis
E: Clavicle fracture",shoulder/9.JPG,C,D,C,C,E,E,A,C,A,F,,D,A,A,E,
106,"Please answer the multiple-choice questions based on the patient's imaging examination pictures. Requirement: Output only the option, and not the explanatory text:
Based on the imaging findings, the most likely imaging diagnosis for this patient is:
A: Clavicle fracture
B: Shoulder dislocation
C: Shoulder labral injury 
D: Rotator cuff tear
E: Adhesive shoulder capsulitis",shoulder/10.JPG,D,C,D,C,B,D,C,A,A,F,,B,D,D,D,
107,"Please answer the multiple-choice questions based on the patient's imaging examination pictures. Requirement: Output only the option, and not the explanatory text:
Based on the imaging findings, the most likely imaging diagnosis for this patient is:
A: Adhesive shoulder capsulitis
B: Clavicle fracture
C: Shoulder dislocation 
D: Shoulder labral injury
E: Rotator cuff tear",shoulder/11.PNG,E,B,D,C,A,E,D,D,A,F,,A,E,E,E,
108,"Please answer the multiple-choice questions based on the patient's imaging examination pictures. Requirement: Output only the option, and not the explanatory text:
Based on the imaging findings, the most likely imaging diagnosis for this patient is:
A: Rotator cuff tear
B: Adhesive shoulder capsulitis
C: Clavicle fracture 
D: Shoulder dislocation
E: Shoulder labral injury",shoulder/12.PNG,A,C,A,B,A,"Sorry, I can't make a diagnosis by image recognition. Consult a professional doctor for an accurate diagnosis.",A,,A,F,,B,A,A,A,
109,"Please answer the multiple-choice questions based on the patient's imaging examination pictures. Requirement: Output only the option, and not the explanatory text:
Based on the imaging findings, the most likely imaging diagnosis for this patient is:
A: Shoulder labral injury
B: Rotator cuff tear
C: Adhesive shoulder capsulitis 
D: Clavicle fracture
E: Shoulder dislocation",shoulder/13.PNG,E,C,B,A,B,"Sorry, I can't confirm the diagnosis of this image.",B,A,A,A,,D,A,A,B,
110,"Please answer the multiple-choice questions based on the patient's imaging examination pictures. Requirement: Output only the option, and not the explanatory text:
Based on the imaging findings, the most likely imaging diagnosis for this patient is:
A: Shoulder dislocation
B: Shoulder labral injury
C: Rotator cuff tear 
D: Adhesive shoulder capsulitis
E: Clavicle fracture",shoulder/14.PNG,A,C,C,C,A,C,C,B,A,F,,B,B,C,C,
111,"Please answer the multiple-choice questions based on the patient's imaging examination pictures. Requirement: Output only the option, and not the explanatory text:
Based on the imaging findings, the most likely imaging diagnosis for this patient is:
A: Clavicle fracture
B: Shoulder dislocation
C: Shoulder labral injury 
D: Rotator cuff tear
E: Adhesive shoulder capsulitis",shoulder/15.JPG,B,D,D,C,C,D,D,A,A,F,,B,D,D,D,
112,"Please answer the multiple-choice questions based on the patient's imaging examination pictures. Requirement: Output only the option, and not the explanatory text:
Based on the imaging findings, the most likely imaging diagnosis for this patient is:
A: Adhesive shoulder capsulitis
B: Clavicle fracture
C: Shoulder dislocation 
D: Shoulder labral injury
E: Rotator cuff tear",shoulder/16.JPG,C,B,E,A,C,E,D,D,A,F,,A,E,E,E,
113,"Please answer the multiple-choice questions based on the patient's imaging examination pictures. Requirement: Output only the option, and not the explanatory text:
Based on the imaging findings, the most likely imaging diagnosis for this patient is:
A: Rotator cuff tear
B: Adhesive shoulder capsulitis
C: Clavicle fracture 
D: Shoulder dislocation
E: Shoulder labral injury",shoulder/17.JPG,D,C,A,A,D,"Sorry, I can't help diagnose this image.",A,C,A,F,,B,A,A,A,
114,"Please answer the multiple-choice questions based on the patient's imaging examination pictures. Requirement: Output only the option, and not the explanatory text:
Based on the imaging findings, the most likely imaging diagnosis for this patient is:
A: Shoulder labral injury
B: Rotator cuff tear
C: Adhesive shoulder capsulitis 
D: Clavicle fracture
E: Shoulder dislocation",shoulder/18.JPG,E,E,B,A,B,B,B,E,A,A,,D,C,A,B,
115,"Please answer the multiple-choice questions based on the patient's imaging examination pictures. Requirement: Output only the option, and not the explanatory text:
Based on the imaging findings, the most likely imaging diagnosis for this patient is:
A: Shoulder dislocation
B: Shoulder labral injury
C: Rotator cuff tear 
D: Adhesive shoulder capsulitis
E: Clavicle fracture",shoulder/19.JPG,A,B,C,B,C,"Sorry, I can't view or analyze the image to answer this question.",C,,A,F,,D,C,C,C,
116,"Please answer the multiple-choice questions based on the patient's imaging examination pictures. Requirement: Output only the option, and not the explanatory text:
Based on the imaging findings, the most likely imaging diagnosis for this patient is:
A: Clavicle fracture
B: Shoulder dislocation
C: Shoulder labral injury 
D: Rotator cuff tear
E: Adhesive shoulder capsulitis",shoulder/20.JPG,B,C,D,C,C,"Sorry, I can't provide a diagnosis based on the imaging.",D,C,A,F,,D,D,D,D,
117,"Please answer the multiple-choice questions based on the patient's imaging examination pictures. Requirement: Output only the option, and not the explanatory text:
Based on the imaging findings, the most likely imaging diagnosis for this patient is:
A: Adhesive shoulder capsulitis
B: Clavicle fracture
C: Shoulder dislocation 
D: Shoulder labral injury
E: Rotator cuff tear",shoulder/21.JPG,C,E,E,D,E,E,D,,A,F,,A,A,E,E,
118,"Please answer the multiple-choice questions based on the patient's imaging examination pictures. Requirement: Output only the option, and not the explanatory text:
Based on the imaging findings, the most likely imaging diagnosis for this patient is:
A: Rotator cuff tear
B: Adhesive shoulder capsulitis
C: Clavicle fracture 
D: Shoulder dislocation
E: Shoulder labral injury",shoulder/22.JPG,D,D,A,A,A,"Sorry, I can't be sure of the diagnosis in the imaging.",A,D,A,F,,B,B,B,A,
119,"Please answer the multiple-choice questions based on the patient's imaging examination pictures. Requirement: Output only the option, and not the explanatory text:
Based on the imaging findings, the most likely imaging diagnosis for this patient is:
A: Shoulder labral injury
B: Rotator cuff tear
C: Adhesive shoulder capsulitis 
D: Clavicle fracture
E: Shoulder dislocation",shoulder/23.JPG,C,C,A,B,C,"Sorry, I can't view the images. Consult a professional doctor for an accurate diagnosis.",B,,A,F,,D,B,B,B,
120,"Please answer the multiple-choice questions based on the patient's imaging examination pictures. Requirement: Output only the option, and not the explanatory text:
Based on the imaging findings, the most likely imaging diagnosis for this patient is:
A: Shoulder dislocation
B: Shoulder labral injury
C: Rotator cuff tear 
D: Adhesive shoulder capsulitis
E: Clavicle fracture",shoulder/24.JPG,D,D,C,B,C,C,C,B,A,F,,D,C,C,C,
121,"Please answer the multiple-choice questions based on the patient's imaging examination pictures. Requirement: Output only the option, and not the explanatory text:
Based on the imaging findings, the most likely imaging diagnosis for this patient is:
A: Clavicle fracture
B: Shoulder dislocation
C: Shoulder labral injury 
D: Rotator cuff tear
E: Adhesive shoulder capsulitis",shoulder/25.JPG,E,B,D,C,B,"Sorry, I can't look at the imaging pictures to diagnose the patient's condition.",D,,A,F,,D,D,C,D,
122,"Please answer the multiple-choice questions based on the patient's imaging examination pictures. Requirement: Output only the option, and not the explanatory text:
Based on the imaging findings, the most likely imaging diagnosis for this patient is:
A: Adhesive shoulder capsulitis
B: Clavicle fracture
C: Shoulder dislocation 
D: Shoulder labral injury
E: Rotator cuff tear",shoulder/26.JPG,A,B,E,A,A,E,D,D,A,F,,A,A,E,E,
123,"Please answer the multiple-choice questions based on the patient's imaging examination pictures. Requirement: Output only the option, and not the explanatory text:
Based on the imaging findings, the most likely imaging diagnosis for this patient is:
A: Humerus fracture
B: Adhesive shoulder capsulitis
C: Clavicle fracture 
D: Shoulder dislocation
E: Shoulder labral injury",shoulder/27.JPG,B,C,E,B,C,"Sorry, I can't view or analyze this image.",B,,A,F,,D,B,B,E,
124,"Please answer the multiple-choice questions based on the patient's imaging examination pictures. Requirement: Output only the option, and not the explanatory text:
Based on the imaging findings, the most likely imaging diagnosis for this patient is:
A: Shoulder labral injury
B: Rotator cuff tear
C: Adhesive shoulder capsulitis 
D: Clavicle fracture
E: Shoulder dislocation",shoulder/28.PNG,A,B,A,A,A,B,B,C,A,F,,A,A,A,B,
125,"Please answer the multiple-choice questions based on the patient's imaging examination pictures. Requirement: Output only the option, and not the explanatory text:
Based on the imaging findings, the most likely imaging diagnosis for this patient is:
A: Shoulder dislocation
B: Shoulder labral injury
C: Rotator cuff tear 
D: Adhesive shoulder capsulitis
E: Clavicle fracture",shoulder/29.JPG,B,C,C,B,E,"Sorry, I am unable to provide a medical diagnosis based on images.",C,B,A,F,,D,B,B,B,
126,"Please answer the multiple-choice questions based on the patient's imaging examination pictures. Requirement: Output only the option, and not the explanatory text:
Based on the imaging findings, the most likely imaging diagnosis for this patient is:
A: Clavicle fracture
B: Shoulder dislocation
C: Shoulder labral injury 
D: Rotator cuff tear
E: Adhesive shoulder capsulitis",shoulder/30.JPG,C,C,D,C,D,D,C,C,A,F,,B,C,C,D,
127,"Please answer the multiple-choice questions based on the patient's imaging examination pictures. Requirement: Output only the option, and not the explanatory text:
Based on the imaging findings, the most likely imaging diagnosis for this patient is:
A: Adhesive shoulder capsulitis
B: Clavicle fracture
C: Shoulder dislocation 
D: Shoulder labral injury
E: Rotator cuff tear",shoulder/31.JPG,D,C,C,A,A,E,D,A,A,D,,A,D,C,D,
128,"Please answer the multiple-choice questions based on the patient's imaging examination pictures. Requirement: Output only the option, and not the explanatory text:
Based on the imaging findings, the most likely imaging diagnosis for this patient is:
A: Rotator cuff tear
B: Adhesive shoulder capsulitis
C: Clavicle fracture 
D: Shoulder dislocation
E: Shoulder labral injury",shoulder/32.JPG,E,B,A,B,A,"Sorry, I am unable to view or analyze imaging images to make a diagnostic recommendation. Consult a professional radiologist or orthopedic surgeon for an accurate diagnosis.",A,E,A,F,,B,B,B,A,
129,"Please answer the multiple-choice questions based on the patient's imaging examination pictures. Requirement: Output only the option, and not the explanatory text:
Based on the imaging findings, the most likely imaging diagnosis for this patient is:
A: Injury to the anterior talofibular ligament
B: Deltoid ligament injury
C: Talus osteochondral injury 
D: Ankle tunnel syndrome
E: Achilles tendon rupture",ankle/1.JPG,A,A,C,C,C,"Sorry, I can't process or diagnose medical imaging. If you have any medical questions, consult a professional healthcare provider.",A,,A,D,,D,A,B,A,
130,"Please answer the multiple-choice questions based on the patient's imaging examination pictures. Requirement: Output only the option, and not the explanatory text:
Based on the imaging findings, the most likely imaging diagnosis for this patient is:
A: Deltoid ligament injury
B: Damage to the osteochondral of the talus
C: Ankle tunnel syndrome 
D: Achilles tendon rupture
E: Injury to the anterior talofibular ligament",ankle/2.JPG,E,E,B,C,D,E,D,,A,F,,D,E,B,B,
131,"Please answer the multiple-choice questions based on the patient's imaging examination pictures. Requirement: Output only the option, and not the explanatory text:
Based on the imaging findings, the most likely imaging diagnosis for this patient is:
A: Damage to the osteochondral of the talus
B: Ankle tunnel syndrome
C: Achilles tendon rupture 
D: Injury to the anterior talofibular ligament
E: Deltoid ligament injury",ankle/3.JPG,D,A,A,D,A,"Sorry, I can't see the image content. Based on the image information, it is best for you to consult a professional medical imaging specialist to obtain an accurate diagnosis.",A,A,A,F,,C,D,C,A,
132,"Please answer the multiple-choice questions based on the patient's imaging examination pictures. Requirement: Output only the option, and not the explanatory text:
Based on the imaging findings, the most likely imaging diagnosis for this patient is:
A: Ankle tunnel syndrome
B: Achilles tendon rupture
C: Injury to the anterior talofibular ligament 
D: Deltoid ligament injury
E: Damage to the osteochondral of the talus",ankle/4.JPG,C,C,A,C,C,"Sorry, I can't view or analyze the imaging pictures. Consult a professional medical imaging specialist.",B,C,A,F,,A,C,E,C,
133,"Please answer the multiple-choice questions based on the patient's imaging examination pictures. Requirement: Output only the option, and not the explanatory text:
Based on the imaging findings, the most likely imaging diagnosis for this patient is:
A: Achilles tendon rupture
B: Injury to the anterior talofibular ligament
C: Deltoid ligament injury 
D: Damage to the osteochondral of the talus
E: Ankle tunnel syndrome",ankle/5.JPG,B,D,D,C,A,B,D,,A,F,,B,B,D,D,
134,"Please answer the multiple-choice questions based on the patient's imaging examination pictures. Requirement: Output only the option, and not the explanatory text:
Based on the imaging findings, the most likely imaging diagnosis for this patient is:
A: Injury to the anterior talofibular ligament
B: Deltoid ligament injury
C: Talus osteochondral injury 
D: Ankle tunnel syndrome
E: Achilles tendon rupture",ankle/6.JPG,A,B,C,C,C,"Sorry, I can't confirm the diagnostic results.",A,,A,,,D,A,A,C,
135,"Please answer the multiple-choice questions based on the patient's imaging examination pictures. Requirement: Output only the option, and not the explanatory text:
Based on the imaging findings, the most likely imaging diagnosis for this patient is:
A: Deltoid ligament injury
B: Damage to the osteochondral of the talus
C: Ankle tunnel syndrome 
D: Achilles tendon rupture
E: Injury to the anterior talofibular ligament",ankle/7.JPG,E,C,B,E,B,B,B,B,A,F,,D,E,B,E,
136,"Please answer the multiple-choice questions based on the patient's imaging examination pictures. Requirement: Output only the option, and not the explanatory text:
Based on the imaging findings, the most likely imaging diagnosis for this patient is:
A: Damage to the osteochondral of the talus
B: Ankle tunnel syndrome
C: Achilles tendon rupture 
D: Injury to the anterior talofibular ligament
E: Deltoid ligament injury",ankle/8.JPG,D,D,A,C,A,"Sorry, I can't determine the diagnosis from the images.",C,C,A,F,,C,D,B,D,
137,"Please answer the multiple-choice questions based on the patient's imaging examination pictures. Requirement: Output only the option, and not the explanatory text:
Based on the imaging findings, the most likely imaging diagnosis for this patient is:
A: Ankle tunnel syndrome
B: Achilles tendon rupture
C: Injury to the anterior talofibular ligament 
D: Deltoid ligament injury
E: Damage to the osteochondral of the talus",ankle/9.JPG,C,B,E,A,E,C,C,,A,D,,B,C,D,C,
138,"Please answer the multiple-choice questions based on the patient's imaging examination pictures. Requirement: Output only the option, and not the explanatory text:
Based on the imaging findings, the most likely imaging diagnosis for this patient is:
A: Achilles tendon rupture
B: Injury to the anterior talofibular ligament
C: Deltoid ligament injury 
D: Damage to the osteochondral of the talus
E: Ankle tunnel syndrome",ankle/10.JPG,B,D,D,C,C,"Sorry, I can't explain what's in the image or make a medical diagnosis from it. If there was more context or textual description, I could better help answer other questions.",D,D,A,F,,A,B,B,D,
139,"Please answer the multiple-choice questions based on the patient's imaging examination pictures. Requirement: Output only the option, and not the explanatory text:
Based on the imaging findings, the most likely imaging diagnosis for this patient is:
A: Injury to the anterior talofibular ligament
B: Outer malleolus fracture
C: Talus osteochondral injury 
D: Ankle tunnel syndrome
E: Achilles tendon rupture",ankle/11.JPG,C,D,C,A,C,"Sorry, I can't judge the imaging images.",A,,A,F,,B,C,C,C,
140,"Please answer the multiple-choice questions based on the patient's imaging examination pictures. Requirement: Output only the option, and not the explanatory text:
Based on the imaging findings, the most likely imaging diagnosis for this patient is:
A: Deltoid ligament injury
B: Damage to the osteochondral of the talus
C: Ankle tunnel syndrome 
D: Achilles tendon rupture
E: Injury to the anterior talofibular ligament",ankle/12.JPG,A,A,B,C,E,E,D,,A,F,,D,A,B,B,
141,"Please answer the multiple-choice questions based on the patient's imaging examination pictures. Requirement: Output only the option, and not the explanatory text:
Based on the imaging findings, the most likely imaging diagnosis for this patient is:
A: Damage to the osteochondral of the talus
B: Ankle tunnel syndrome
C: Achilles tendon rupture 
D: Injury to the anterior talofibular ligament
E: Deltoid ligament injury",ankle/13.JPG,E,B,A,A,C,"Unfortunately, I cannot diagnose or confirm imaging test results.",A,A,A,F,,A,A,A,A,
142,"Please answer the multiple-choice questions based on the patient's imaging examination pictures. Requirement: Output only the option, and not the explanatory text:
Based on the imaging findings, the most likely imaging diagnosis for this patient is:
A: Ankle tunnel syndrome
B: Achilles tendon rupture
C: Injury to the anterior talofibular ligament
D: Ankle osteoarthritis
E: Damage to the osteochondral of the talus",ankle/14.JPG,D,B,C,C,,C,C,,A,F,,D,E,E,E,
143,"Please answer the multiple-choice questions based on the patient's imaging examination pictures. Requirement: Output only the option, and not the explanatory text:
Based on the imaging findings, the most likely imaging diagnosis for this patient is:
A: Achilles tendon rupture
B: Posterior malleolus fracture
C: Injury to the deltoid ligament
D: Damage to the osteochondral of the talus
E: Ankle tunnel syndrome",ankle/15.JPG,C,D,D,C,A,"I'm sorry, I can't diagnose or interpret the imaging results.",D,,A,F,,A,C,C,D,
144,"Please answer the multiple-choice questions based on the patient's imaging examination pictures. Requirement: Output only the option, and not the explanatory text:
Based on the imaging findings, the most likely imaging diagnosis for this patient is:
A: Injury to the anterior talofibular ligament
B: Deltoid ligament injury
C: Talus osteochondral injury 
D: Ankle tunnel syndrome
E: Achilles tendon rupture",ankle/16.JPG,C,C,C,A,C,"Sorry, I can't provide a diagnosis based on that image.",A,C,A,,,D,C,C,C,
145,"Please answer the multiple-choice questions based on the patient's imaging examination pictures. Requirement: Output only the option, and not the explanatory text:
Based on the imaging findings, the most likely imaging diagnosis for this patient is:
A: Deltoid ligament injury
B: Damage to the osteochondral of the talus
C: Ankle tunnel syndrome 
D: Achilles tendon rupture
E: Injury to the anterior talofibular ligament",ankle/17.JPG,B,E,B,E,B,E,B,C,A,F,,D,B,B,B,
146,"Please answer the multiple-choice questions based on the patient's imaging examination pictures. Requirement: Output only the option, and not the explanatory text:
Based on the imaging findings, the most likely imaging diagnosis for this patient is:
A: Damage to the osteochondral of the talus
B: Ankle tunnel syndrome
C: Achilles tendon rupture 
D: Injury to the anterior talofibular ligament
E: Deltoid ligament injury",ankle/18.JPG,A,C,A,A,A,D,A,,A,F,,A,A,C,A,
147,"Please answer the multiple-choice questions based on the patient's imaging examination pictures. Requirement: Output only the option, and not the explanatory text:
Based on the imaging findings, the most likely imaging diagnosis for this patient is:
A: Ankle tunnel syndrome
B: Achilles tendon rupture
C: Injury to the anterior talofibular ligament 
D: Deltoid ligament injury
E: Damage to the osteochondral of the talus",ankle/19.JPG,E,E,E,A,A,E,C,,A,D,,B,E,E,E,
148,"Please answer the multiple-choice questions based on the patient's imaging examination pictures. Requirement: Output only the option, and not the explanatory text:
Based on the imaging findings, the most likely imaging diagnosis for this patient is:
A: Achilles tendon rupture
B: Injury to the anterior talofibular ligament
C: Deltoid ligament injury 
D: Damage to the osteochondral of the talus
E: Ankle tunnel syndrome",ankle/20.JPG,D,C,D,B,D,"I'm sorry, I can't analyze or diagnose medical imaging.",B,D,A,F,,A,D,D,D,
149,"Please answer the multiple-choice questions based on the patient's imaging examination pictures. Requirement: Output only the option, and not the explanatory text:
Based on the imaging findings, the most likely imaging diagnosis for this patient is:
A: Injury to the anterior talofibular ligament
B: Deltoid ligament injury
C: Talus osteochondral injury 
D: Ankle tunnel syndrome
E: Achilles tendon rupture",ankle/21.JPG,E,E,C,C,C,E,A,A,A,,,D,C,C,E,
150,"Please answer the multiple-choice questions based on the patient's imaging examination pictures. Requirement: Output only the option, and not the explanatory text:
Based on the imaging findings, the most likely imaging diagnosis for this patient is:
A: Deltoid ligament injury
B: Damage to the osteochondral of the talus
C: Ankle tunnel syndrome 
D: Achilles tendon rupture
E: Injury to the anterior talofibular ligament",ankle/22.JPG,D,B,B,E,B,"Sorry, I am unable to provide imaging diagnosis.",D,,A,F,,D,B,B,D,
151,"Please answer the multiple-choice questions based on the patient's imaging examination pictures. Requirement: Output only the option, and not the explanatory text:
Based on the imaging findings, the most likely imaging diagnosis for this patient is:
A: Damage to the osteochondral of the talus
B: Ankle tunnel syndrome
C: Achilles tendon rupture 
D: Injury to the anterior talofibular ligament
E: Deltoid ligament injury",ankle/23.JPG,C,A,A,D,A,"Sorry, I can't view or analyze the imaging picture.",C,D,A,F,,D,C,C,C,
152,"Please answer the multiple-choice questions based on the patient's imaging examination pictures. Requirement: Output only the option, and not the explanatory text:
Based on the imaging findings, the most likely imaging diagnosis for this patient is:
A: Ankle tunnel syndrome
B: Achilles tendon rupture
C: Injury to the anterior talofibular ligament 
D: Deltoid ligament injury
E: Damage to the osteochondral of the talus",ankle/24.JPG,B,B,E,A,E,C,B,E,A,F,,A,B,B,B,
153,"Please answer the multiple-choice questions based on the patient's imaging examination pictures. Requirement: Output only the option, and not the explanatory text:
Based on the imaging findings, the most likely imaging diagnosis for this patient is:
A: Achilles tendon rupture
B: Injury to the anterior talofibular ligament
C: Deltoid ligament injury 
D: Damage to the osteochondral of the talus
E: Ankle tunnel syndrome",ankle/25.JPG,A,B,A,B,D,"Sorry, I can't look at imaging pictures for diagnosis. Please let me know if there are any other issues that require assistance.",A,,A,F,,B,A,D,A,
154,"Please answer the multiple-choice questions based on the patient's imaging examination pictures. Requirement: Output only the option, and not the explanatory text:
Based on the imaging findings, the most likely imaging diagnosis for this patient is:
A: Fracture of the femoral neck
B: Tibia fracture
C: Femoral shaft fracture 
D: Metatarsal fracture
E: Outer malleolus fracture",ankle/26.JPG,B,B,C,C,B,E,B,E,A,F,,A,B,B,B,
155,"Please answer the multiple-choice questions based on the patient's imaging examination pictures. Requirement: Output only the option, and not the explanatory text:
Based on the imaging findings, the most likely imaging diagnosis for this patient is:
A: Outer malleolus fracture
B: Femoral neck fracture
C: Tibifibula fracture 
D: Femoral shaft fracture
E: Metatarsal fracture",ankle/27.JPG,C,A,A,A,C,C,C,A,A,F,,B,A,C,C,
156,"Please answer the multiple-choice questions based on the patient's imaging examination pictures. Requirement: Output only the option, and not the explanatory text:
Based on the imaging findings, the most likely imaging diagnosis for this patient is:
A: Metatarsal fracture
B: Outer malleolus fracture
C: Femoral neck fracture 
D: Tibifibula fracture
E: Femoral shaft fracture",ankle/28.JPG,A,D,A,A,A,A,A,B,A,F,E,A,A,A,A,
157,"Please answer the multiple-choice questions based on the patient's imaging examination pictures. Requirement: Output only the option, and not the explanatory text:
Based on the imaging findings, the most likely imaging diagnosis for this patient is:
A: Femoral shaft fracture 
B: Metatarsal fracture
C: Outer malleolus fracture 
D: Femoral neck fracture
E: Fracture of the tibia and fibula",ankle/29.JPG,B,C,B,B,B,B,B,C,A,F,,D,B,B,B,
158,"Please answer the multiple-choice questions based on the patient's imaging examination pictures. Requirement: Output only the option, and not the explanatory text:
Based on the imaging findings, the most likely imaging diagnosis for this patient is:
A: Fracture of the tibia and fibula
B: Femoral shaft fracture 
C: Metatarsal fracture
D: Lateral malleolus fracture
E: Femoral neck fracture",ankle/30.JPG,D,D,D,D,D,D,D,,A,F,A,D,D,C,D,
159,"Please answer the multiple-choice questions based on the patient's imaging examination pictures. Requirement: Output only the option, and not the explanatory text:
Based on the imaging findings, the most likely imaging diagnosis for this patient is:
A: Elbow dislocation
B: Lateral epicondylitis of the humerus
C: Radial microcephaly subluxation 
D: Cubbital tunnel syndrome
E: Elbow fracture",elbow/1.JPG,B,B,A,C,A,"Sorry, I can't view or analyze the image content to provide a diagnosis.",E,,A,F,E,D,B,B,E,
160,"Please answer the multiple-choice questions based on the patient's imaging examination pictures. Requirement: Output only the option, and not the explanatory text:
Based on the imaging findings, the most likely imaging diagnosis for this patient is:
A: Elbow fracture
B: Elbow dislocation
C: Lateral epicondylitis of the humerus 
D: Radial microcephalic subluxation
E: Cubbital tunnel syndrome",elbow/2.JPG,C,C,C,C,B,D,C,,A,F,B,B,C,C,C,
161,"Please answer the multiple-choice questions based on the patient's imaging examination pictures. Requirement: Output only the option, and not the explanatory text:
Based on the imaging findings, the most likely imaging diagnosis for this patient is:
A: Cubbital tunnel syndrome
B: Elbow fracture
C: Elbow dislocation 
D: Lateral epicondylitis of the humerus
E: Radial microcephalic subluxation",elbow/3.JPG,D,D,C,A,B,"Sorry, I can't provide a diagnostic opinion on the images.",A,,A,F,,A,D,C,D,
162,"Please answer the multiple-choice questions based on the patient's imaging examination pictures. Requirement: Output only the option, and not the explanatory text:
Based on the imaging findings, the most likely imaging diagnosis for this patient is:
A: Radius microcephaly subluxation
B: Cubbital tunnel syndrome
C: Elbow fracture 
D: Elbow dislocation
E: Lateral epicondylitis of the humerus",elbow/4.JPG,E,E,D,B,D,"Sorry, I can't view or analyze the image. If you can, consult a specialist radiologist.",C,,A,F,,B,E,C,E,
163,"Please answer the multiple-choice questions based on the patient's imaging examination pictures. Requirement: Output only the option, and not the explanatory text:
Based on the imaging findings, the most likely imaging diagnosis for this patient is:
A: Lateral epicondylitis of the humerus
B: Radial microcephaly subluxation
C: cubital tunnel syndrome 
D: Elbow fracture
E: Elbow dislocation",elbow/5.JPG,A,A,E,A,B,"Sorry, I can't provide a diagnosis based on this image.",D,,A,J,,D,A,D,D,
164,"Please answer the multiple-choice questions based on the patient's imaging examination pictures. Requirement: Output only the option, and not the explanatory text:
Based on the imaging findings, the most likely imaging diagnosis for this patient is:
A: Elbow dislocation
B: Lateral epicondylitis of the humerus
C: Radial microcephaly subluxation 
D: Cubbital tunnel syndrome
E: Elbow fracture",elbow/6.JPG,B,B,C,B,A,C,A,C,A,F,A,D,B,C,B,
165,"Please answer the multiple-choice questions based on the patient's imaging examination pictures. Requirement: Output only the option, and not the explanatory text:
Based on the imaging findings, the most likely imaging diagnosis for this patient is:
A: Elbow fracture
B: Elbow dislocation
C: Lateral epicondylitis of the humerus 
D: Radial microcephalic subluxation
E: Cubbital tunnel syndrome",elbow/7.JPG,C,C,B,C,D,"I'm sorry, but I can't explain or diagnose this medical problem based on the imaging. If you have a medical question, consult a professional doctor.",B,,A,F,B,B,C,D,C,
166,"Please answer the multiple-choice questions based on the patient's imaging examination pictures. Requirement: Output only the option, and not the explanatory text:
Based on the imaging findings, the most likely imaging diagnosis for this patient is:
A: Cubbital tunnel syndrome
B: Elbow fracture
C: Elbow dislocation 
D: Lateral epicondylitis of the humerus
E: Radial microcephalic subluxation",elbow/8.JPG,D,D,C,D,A,"Sorry, I am unable to view or analyze medical images to provide a diagnosis. Please consult a professional doctor for accurate information.",C,D,A,F,A,A,D,C,D,
167,"Please answer the multiple-choice questions based on the patient's imaging examination pictures. Requirement: Output only the option, and not the explanatory text:
Based on the imaging findings, the most likely imaging diagnosis for this patient is:
A: Radius microcephaly subluxation
B: Cubbital tunnel syndrome
C: Elbow fracture 
D: Elbow dislocation
E: Lateral epicondylitis of the humerus",elbow/9.JPG,E,E,D,B,A,"Sorry, I am unable to view and analyze imaging pictures to provide a diagnosis. Consult a professional physician for an accurate diagnosis.",C,D,A,F,,B,E,D,E,
168,"Please answer the multiple-choice questions based on the patient's imaging examination pictures. Requirement: Output only the option, and not the explanatory text:
Based on the imaging findings, the most likely imaging diagnosis for this patient is:
A: Lateral epicondylitis of the humerus
B: Radial microcephaly subluxation
C: cubital tunnel syndrome 
D: Elbow fracture
E: Elbow dislocation",elbow/10.JPG,A,A,A,C,C,D,A,,A,D,,D,A,B,A,
169,"Please answer the multiple-choice questions based on the patient's imaging examination pictures. Requirement: Output only the option, and not the explanatory text:
Based on the imaging findings, the most likely imaging diagnosis for this patient is:
A: Elbow dislocation
B: Lateral epicondylitis of the humerus
C: Radial microcephaly subluxation 
D: Cubbital tunnel syndrome
E: After elbow fracture surgery",elbow/11.PNG,E,E,E,E,C,E,E,E,A,F,A,D,E,E,E,
170,"Please answer the multiple-choice questions based on the patient's imaging examination pictures. Requirement: Output only the option, and not the explanatory text:
Based on the imaging findings, the most likely imaging diagnosis for this patient is:
A: Elbow fracture
B: Elbow dislocation
C: Lateral epicondylitis of the humerus 
D: Radial microcephalic subluxation
E: Rheumatoid arthritis",elbow/12.JPG,E,C,C,B,,"Sorry, I can't view or analyze the images. Consult a healthcare professional for an accurate diagnosis.",B,C,A,F,,B,C,B,B,
171,"Please answer the multiple-choice questions based on the patient's imaging examination pictures. Requirement: Output only the option, and not the explanatory text:
Based on the imaging findings, the most likely imaging diagnosis for this patient is:
A: Cubbital tunnel syndrome
B: Elbow fracture
C: Elbow dislocation 
D: Lateral epicondylitis of the humerus
E: Radial microcephalic subluxation",elbow/13.PNG,C,A,C,A,D,"Sorry, I can't provide a diagnosis from this imaging picture.",C,E,A,F,,D,A,C,D,
172,"Please answer the multiple-choice questions based on the patient's imaging examination pictures. Requirement: Output only the option, and not the explanatory text:
Based on the imaging findings, the most likely imaging diagnosis for this patient is:
A: Radius microcephaly subluxation
B: Cubbital tunnel syndrome
C: Elbow fracture 
D: Elbow dislocation
E: Elbow osteoarthritis",elbow/14.PNG,E,D,D,A,D,C,D,D,A,F,,D,E,C,E,
173,"Please answer the multiple-choice questions based on the patient's imaging examination pictures. Requirement: Output only the option, and not the explanatory text:
Based on the imaging findings, the most likely imaging diagnosis for this patient is:
A: Elbow osteoarthritis
B: Radial microcephaly subluxation
C: cubital tunnel syndrome 
D: Elbow fracture
E: Elbow dislocation",elbow/15.JPG,A,B,E,B,B,"Sorry, I can't view or analyze the imaging images. It is recommended that you consult a professional medical imaging specialist for an accurate diagnosis.",B,B,A,B,E,B,E,E,E,
174,"Please answer the multiple-choice questions based on the patient's imaging examination pictures. Requirement: Output only the option, and not the explanatory text:
Based on the imaging findings, the most likely imaging diagnosis for this patient is:
A: Cubbital tunnel syndrome
B: Elbow fracture
C: Elbow dislocation 
D: Lateral epicondylitis of the humerus
E: Radial microcephalic subluxation",elbow/16.JPG,E,A,A,A,D,"Sorry, I can't help diagnose the condition or interpret the images.",C,A,A,F,,D,A,C,D,
175,"Please answer the multiple-choice questions based on the patient's imaging examination pictures. Requirement: Output only the option, and not the explanatory text:
Based on the imaging findings, the most likely imaging diagnosis for this patient is:
A: Radius microcephaly subluxation
B: Cubbital tunnel syndrome
C: Elbow fracture 
D: Elbow dislocation
E: Elbow osteoarthritis",elbow/17.JPG,A,D,D,D,D,D,C,A,A,A,,D,B,D,C,
176,"Please answer the multiple-choice questions based on the patient's imaging examination pictures. Requirement: Output only the option, and not the explanatory text:
Based on the imaging findings, the most likely imaging diagnosis for this patient is:
A: Elbow osteoarthritis
B: Radial microcephaly subluxation
C: cubital tunnel syndrome 
D: Elbow fracture
E: Elbow dislocation",elbow/18.JPG,B,B,E,B,B,"Sorry, I can't make a diagnosis based on imaging. It is recommended to consult a medical professional.",D,,A,F,E,B,E,E,E,
177,"Please answer the multiple-choice questions based on the patient's imaging examination pictures. Requirement: Output only the option, and not the explanatory text:
Based on the imaging findings, the most likely imaging diagnosis for this patient is:
A: Coronal process fracture
B: Humerus shaft fracture
C: Fracture of the olecranon of the ulna 
D: Fracture of the humerus microcephalic
E: Radial shaft fracture",elbow/19.JPG,A,C,C,C,C,C,B,D,A,F,,B,A,C,A,
178,"Please answer the multiple-choice questions based on the patient's imaging examination pictures. Requirement: Output only the option, and not the explanatory text:
Based on the imaging findings, the most likely imaging diagnosis for this patient is:
A: Radial shaft fracture
B: Coronal process fracture
C: Humeral shaft fracture 
D: Ulnar olecranon fracture
E: Microcephalicis trochlear fracture of the humerus",elbow/20.JPG,D,C,C,B,A,D,D,D,A,F,,B,D,D,D,
179,"Please answer the multiple-choice questions based on the patient's imaging examination pictures. Requirement: Output only the option, and not the explanatory text:
Based on the imaging findings, the most likely imaging diagnosis for this patient is:
A: Humerus microcephalicis trochlear fracture
B: Radial shaft fracture
C: Coronal process fracture 
D: Humeral shaft fracture
E: Fracture of the olecranon of the ulna",elbow/21.JPG,E,C,C,C,A,E,B,E,A,F,,B,C,E,E,
180,"Please answer the multiple-choice questions based on the patient's imaging examination pictures. Requirement: Output only the option, and not the explanatory text:
Based on the imaging findings, the most likely imaging diagnosis for this patient is:
A: Ulnar olecranon fracture
B: Fracture of the microcephalicis of the humerus
C: Radial shaft fracture 
D: Coronal process fracture
E: Humerus shaft fracture",elbow/22.JPG,B,B,A,B,B,A,B,B,A,F,,B,B,A,A,
181,"Please answer the multiple-choice questions based on the patient's imaging examination pictures. Requirement: Output only the option, and not the explanatory text:
Based on the imaging findings, the most likely imaging diagnosis for this patient is:
A: Brumenial shaft fracture
B: Fracture of the olecranon of the ulna
C: Fracture of the humerus microcephalic 
D: Radial shaft fracture
E: coronal process fracture",elbow/23.JPG,C,A,B,C,,C,A,C,A,F,,B,C,B,C,
182,"Please answer the multiple-choice questions based on the patient's imaging examination pictures. Requirement: Output only the option, and not the explanatory text:
Based on the imaging findings, the most likely imaging diagnosis for this patient is:
A: Triangular fibrocartilage complex injury
B: Distal radius fracture
C: Stenotic tenosynovitis 
D: Metacarpal fracture
E: Carpal tunnel syndrome",wrist/1.JPG,A,A,A,A,,"Sorry, I can't recognize or diagnose imaging images.",A,B,A,F,,B,A,A,A,
183,"Please answer the multiple-choice questions based on the patient's imaging examination pictures. Requirement: Output only the option, and not the explanatory text:
Based on the imaging findings, the most likely imaging diagnosis for this patient is:
A: Carpal tunnel syndrome
B: Triangular fibrocartilage complex injury
C: Distal radius fracture 
D: Stenotic tenosynovitis
E: Metacarpal fracture",wrist/2.JPG,B,B,B,B,C,"I'm sorry, I can't help you diagnose the imaging.",C,B,A,F,,B,D,C,B,
184,"Please answer the multiple-choice questions based on the patient's imaging examination pictures. Requirement: Output only the option, and not the explanatory text:
Based on the imaging findings, the most likely imaging diagnosis for this patient is:
A: Metacarpal fracture
B: Carpal tunnel syndrome
C: Triangular fibrocartilage complex injury 
D: Distal radius fracture
E: Stenotic tenosynovitis",wrist/3.JPG,D,D,D,A,D,D,D,D,A,F,,B,D,D,D,
185,"Please answer the multiple-choice questions based on the patient's imaging examination pictures. Requirement: Output only the option, and not the explanatory text:
Based on the imaging findings, the most likely imaging diagnosis for this patient is:
A: Stenotic tenosynovitis
B: Metacarpal fracture
C: Carpal tunnel syndrome 
D: Triangular fibrocartilage complex injury
E: Distal radius fracture",wrist/4.JPG,E,B,D,B,E,"Sorry, I can't choose the best answer from them.",C,E,A,F,,B,E,E,E,
186,"Please answer the multiple-choice questions based on the patient's imaging examination pictures. Requirement: Output only the option, and not the explanatory text:
Based on the imaging findings, the most likely imaging diagnosis for this patient is:
A: Distal radius fracture
B: Stenotic tenosynovitis
C: Metacarpal fracture 
D: Carpal tunnel syndrome
E: Triangular fibrocartilage complex injury",wrist/5.JPG,C,A,A,A,C,A,C,C,A,F,,B,C,C,C,
187,"Please answer the multiple-choice questions based on the patient's imaging examination pictures. Requirement: Output only the option, and not the explanatory text:
Based on the imaging findings, the most likely imaging diagnosis for this patient is:
A: Triangular fibrocartilage complex injury
B: Distal radius fracture
C: Stenotic tenosynovitis 
D: Metacarpal fracture
E: Carpal tunnel syndrome",wrist/6.JPG,E,D,A,A,C,E,A,A,A,F,,A,E,E,E,
188,"Please answer the multiple-choice questions based on the patient's imaging examination pictures. Requirement: Output only the option, and not the explanatory text:
Based on the imaging findings, the most likely imaging diagnosis for this patient is:
A: Carpal tunnel syndrome
B: Triangular fibrocartilage complex injury
C: Distal radius fracture 
D: Stenotic tenosynovitis
E: Metacarpal fracture",wrist/7.JPG,A,B,B,D,D,B,C,B,A,F,,B,D,B,A,
189,"Please answer the multiple-choice questions based on the patient's imaging examination pictures. Requirement: Output only the option, and not the explanatory text:
Based on the imaging findings, the most likely imaging diagnosis for this patient is:
A: Metacarpal fracture
B: Carpal tunnel syndrome
C: Triangular fibrocartilage complex injury 
D: Distal radius fracture
E: Tendon sheath cyst",wrist/8.JPG,E,C,C,C,C,E,B,C,A,F,,E,E,E,E,
190,"Please answer the multiple-choice questions based on the patient's imaging examination pictures. Requirement: Output only the option, and not the explanatory text:
Based on the imaging findings, the most likely imaging diagnosis for this patient is:
A: Stenotic tenosynovitis
B: Metacarpal fracture
C: Carpal tunnel syndrome 
D: Triangular fibrocartilage complex injury
E: Distal radius fracture",wrist/9.JPG,A,C,D,A,E,"Sorry, I can't make a diagnostic choice with this picture.",D,D,A,F,,C,D,E,D,
191,"Please answer the multiple-choice questions based on the patient's imaging examination pictures. Requirement: Output only the option, and not the explanatory text:
Based on the imaging findings, the most likely imaging diagnosis for this patient is:
A: Distal radius fracture
B: Stenotic tenosynovitis
C: Metacarpal fracture 
D: Carpal tunnel syndrome
E: Triangular fibrocartilage complex injury",wrist/10.JPG,B,D,E,B,B,D,D,,A,F,,A,E,B,E,
192,"Please answer the multiple-choice questions based on the patient's imaging examination pictures. Requirement: Output only the option, and not the explanatory text:
Based on the imaging findings, the most likely imaging diagnosis for this patient is:
A: Cervical spondylosis
B: Thoracic spinal stenosis
C: Lumbar disc herniation 
D: Scoliosis
E: Lumbar muscle strain",spine/1.JPG,A,A,A,A,A,A,A,C,A,F,,A,A,A,A,
193,"Please answer the multiple-choice questions based on the patient's imaging examination pictures. Requirement: Output only the option, and not the explanatory text:
Based on the imaging findings, the most likely imaging diagnosis for this patient is:
A: Psoas muscle strain
B: Cervical spondylosis
C: Thoracic spinal stenosis 
D: Lumbar disc herniation
E: Scoliosis",spine/2.JPG,B,B,B,B,C,B,B,C,A,F,D,A,B,B,B,
194,"Please answer the multiple-choice questions based on the patient's imaging examination pictures. Requirement: Output only the option, and not the explanatory text:
Based on the imaging findings, the most likely imaging diagnosis for this patient is:
A: Scoliosis
B: Lumbar muscle strain
C: Atlantoaxial dislocation
D: Thoracic spinal stenosis
E: Lumbar disc herniation",spine/3.JPG,C,C,D,C,D,C,C,C,A,F,E,B,C,C,C,
195,"Please answer the multiple-choice questions based on the patient's imaging examination pictures. Requirement: Output only the option, and not the explanatory text:
Based on the imaging findings, the most likely imaging diagnosis for this patient is:
A: Lumbar disc herniation
B: Scoliosis
C: Lumbar muscle strain 
D: Cervical spondylosis
E: thoracic spinal stenosis",spine/4.JPG,D,D,D,D,D,D,D,E,A,F,A,A,D,D,D,
196,"Please answer the multiple-choice questions based on the patient's imaging examination pictures. Requirement: Output only the option, and not the explanatory text:
Based on the imaging findings, the most likely imaging diagnosis for this patient is:
A: Thoracic spinal stenosis
B: Lumbar disc herniation
C: Scoliosis 
D: Lumbar muscle strain
E: Cervical spondylosis",spine/5.JPG,C,E,E,E,E,E,E,,A,F,E,D,E,E,E,
197,"Please answer the multiple-choice questions based on the patient's imaging examination pictures. Requirement: Output only the option, and not the explanatory text:
Based on the imaging findings, the most likely imaging diagnosis for this patient is:
A: Cervical spinal cord injury without fracture dislocation
B: Thoracic spinal stenosis
C: Lumbar disc herniation 
D: Scoliosis
E: Lumbar muscle strain",spine/6.JPG,A,A,A,A,,A,A,A,A,F,E,A,A,A,A,
198,"Please answer the multiple-choice questions based on the patient's imaging examination pictures. Requirement: Output only the option, and not the explanatory text:
Based on the imaging findings, the most likely imaging diagnosis for this patient is:
A: Psoas muscle strain
B: Cervical spondylosis
C: Thoracic spinal stenosis 
D: Lumbar disc herniation
E: Scoliosis",spine/7.JPG,C,C,D,C,E,C,D,D,A,F,D,A,C,C,C,
199,"Please answer the multiple-choice questions based on the patient's imaging examination pictures. Requirement: Output only the option, and not the explanatory text:
Based on the imaging findings, the most likely imaging diagnosis for this patient is:
A: Cervical spondylosis
B: Thoracic spinal stenosis
C: Lumbar disc herniation 
D: Scoliosis
E: Lumbar muscle strain",spine/8.JPG,C,C,C,C,C,C,C,B,A,F,A,A,C,C,C,
200,"Please answer the multiple-choice questions based on the patient's imaging examination pictures. Requirement: Output only the option, and not the explanatory text:
Based on the imaging findings, the most likely imaging diagnosis for this patient is:
A: Psoas muscle strain
B: Cervical spondylosis
C: Thoracic spinal stenosis 
D: Lumbar disc herniation
E: Scoliosis",spine/9.JPG,D,D,D,D,D,D,D,D,A,F,D,D,D,D,D,
201,"Please answer the multiple-choice questions based on the patient's imaging examination pictures. Requirement: Output only the option, and not the explanatory text:
Based on the imaging findings, the most likely imaging diagnosis for this patient is:
A: Scoliosis
B: Lumbar muscle strain
C: Cervical spondylosis 
D: Thoracic spinal stenosis
E: Lumbar disc herniation",spine/10.JPG,E,E,E,A,A,E,E,D,A,F,,B,E,E,E,
202,"Please answer the multiple-choice questions based on the patient's imaging examination pictures. Requirement: Output only the option, and not the explanatory text:
Based on the imaging findings, the most likely imaging diagnosis for this patient is:
A: Lumbar disc herniation
B: Scoliosis
C: Lumbar muscle strain 
D: Cervical spondylosis
E: thoracic spinal stenosis",spine/11.JPG,A,A,A,A,A,A,A,B,A,F,A,A,A,A,A,
203,"Please answer the multiple-choice questions based on the patient's imaging examination pictures. Requirement: Output only the option, and not the explanatory text:
Based on the imaging findings, the most likely imaging diagnosis for this patient is:
A: Thoracic spinal stenosis
B: Lumbar disc herniation
C: Scoliosis 
D: Lumbar muscle strain
E: Cervical spondylosis",spine/12.JPG,C,C,B,A,C,C,C,C,A,F,E,D,C,C,C,
